Dataset,Accuracy,Loss
Training,0.9971666666666666,0.00868662227912438
Validation,0.9922,0.016896634972290846
Test,0.9937,0.014997240420996826
