Dataset,Accuracy,Loss
Training,0.9850333333333333,0.04036415486538969
Validation,0.9847,0.046704215040288224
Test,0.9818,0.05203302538582203
