Dataset,Accuracy,Loss
Training,0.9931666666666666,0.015888277041922597
Validation,0.992,0.022811879354855312
Test,0.9919,0.01770343989928155
