Dataset,Accuracy,Loss
Training,0.9936666666666667,0.016610301259082173
Validation,0.9923,0.020725243543821086
Test,0.9907,0.022439780784520708
