Dataset,Accuracy,Loss
Training,0.9957,0.01305785876596482
Validation,0.9924,0.021877620035705144
Test,0.9924,0.02427723122971557
