Dataset,Accuracy,Loss
Training,0.9940666666666667,0.01434259105962394
Validation,0.991,0.0218243152558777
Test,0.9924,0.016208061032981867
