Dataset,Accuracy,Loss
Training,0.9883,0.028917139638458024
Validation,0.9869,0.03668660376337948
Test,0.9868,0.03797460591534484
