Dataset,Accuracy,Loss
Training,0.9934666666666667,0.01896794431025766
Validation,0.9917,0.02053688361174952
Test,0.9916,0.020792962041284065
