Dataset,Accuracy,Loss
Training,0.9995,0.005094676931825553
Validation,0.9921,0.023625329152903368
Test,0.9912,0.023435391640847996
