Dataset,Accuracy,Loss
Training,0.7226333333333333,0.3514299278561872
Validation,0.7138,0.3697442122642948
Test,0.7092,0.3742361369706872
