Dataset,Accuracy,Loss
Training,0.9967,0.021501160176280735
Validation,0.989,0.03485321309142363
Test,0.9875,0.035536677844173664
