Dataset,Accuracy,Loss
Training,0.9953333333333333,0.011804630471170776
Validation,0.9927,0.016477899444458797
Test,0.9934,0.014867076691935452
