Dataset,Accuracy,Loss
Training,0.9929666666666667,0.018814939850244423
Validation,0.9921,0.020915124872089002
Test,0.9895,0.025075222951550694
