Dataset,Accuracy,Loss
Training,0.9929333333333333,0.018568777857523033
Validation,0.988,0.034892252803601045
Test,0.9876,0.0370021685243342
