Dataset,Accuracy,Loss
Training,0.8664666666666667,0.30667185397085145
Validation,0.8659,0.33054283844227544
Test,0.8641,0.32243788333538514
