Dataset,Accuracy,Loss
Training,0.9922333333333333,0.01946600994356136
Validation,0.9924,0.02055473777539074
Test,0.9902,0.025120059949064633
