Dataset,Accuracy,Loss
Training,0.9888,0.024210772404218105
Validation,0.9884,0.02986528957863007
Test,0.9875,0.024964552365437886
