Dataset,Accuracy,Loss
Training,0.9904,0.024442562145741368
Validation,0.988,0.0350338531627734
Test,0.9883,0.03595766598970303
