Dataset,Accuracy,Loss
Training,0.9986666666666667,0.006909182095731252
Validation,0.9924,0.019934903799867287
Test,0.9905,0.02190379278136998
