Dataset,Accuracy,Loss
Training,0.9769333333333333,0.275389678115593
Validation,0.9702,0.2827807797021496
Test,0.9742,0.28040326884532896
