Dataset,Accuracy,Loss
Training,0.9976,0.0112586099112958
Validation,0.9906,0.023689786260908015
Test,0.9877,0.027831362327188806
